"","newPositions","0.025","0.5","0.975","ids"
"1",31.8,466.983922142274,469.180761525898,471.608231716765,"Cambrian-Ordovician boundary"
